{
    "accuracy": 0.6818181872367859,
    "loss": 0.9747174382209778
}