{
    "accuracy": 0.7159090638160706,
    "loss": 0.7029809355735779
}