{
    "accuracy": 0.7045454382896423,
    "loss": 1.794877529144287
}