{
    "accuracy": 0.6818181872367859,
    "loss": 1.567053198814392
}