{
    "accuracy": 0.2857142984867096,
    "loss": 3.7237353324890137
}