{
    "accuracy": 0.6308724880218506,
    "loss": 1.44886314868927
}