{
    "accuracy": 0.7840909361839294,
    "loss": 0.6555753350257874
}