{
    "accuracy": 0.6409395933151245,
    "loss": 1.459806203842163
}