{
    "accuracy": 0.7613636255264282,
    "loss": 0.7868785858154297
}